objId,type,node_name,fanin_count,fanin0_name,fanin1_name,fanout,arrival,required,slack,level,area,gate_name,criticality,opt_potential,fanin0_objId,fanin1_objId
8,NODE,n8,2,G1,G3,1,1.000000,2.000000,1.000000,1,1.00,NAND2_X1,0.000000,1.000000,1,2
9,NODE,n9,2,G3,G4,2,1.000000,1.000000,0.000000,1,1.00,NAND2_X1,1.000000,0.000000,2,4
10,NODE,n10,2,G2,n9,2,2.000000,2.000000,0.000000,2,1.00,NAND2_X1,1.000000,0.000000,3,9
11,NODE,n11,2,n8,n10,1,3.000000,3.000000,0.000000,3,1.00,NAND2_X1,1.000000,0.000000,8,10
12,NODE,n12,2,G5,n9,1,2.000000,2.000000,0.000000,2,1.00,NAND2_X1,1.000000,0.000000,5,9
13,NODE,n13,2,n10,n12,1,3.000000,3.000000,0.000000,3,1.00,NAND2_X1,1.000000,0.000000,10,12
